﻿Business,Street,City,State,Postcode,Country,Phone,Website,Email,Email Type,Categories,Description,Employees,Linkedin,Facebook,X,Instagram,Youtube,Lat,Lng,Contact First Name,Contact Last Name,Contact Role,Contact Email
A & C Machine Shop,876 Ada St,Chula Vista,CA,91911,United States,(619) 575-8068,,,,Auto machine shop,,,,,,,,32.602793,-117.0911646,,,,
Accurate Machine Shop,7356 Trade St Suite A,San Diego,CA,92121,United States,(858) 566-1061,https://www.accuratemachinesd.com/,brianaccurate@sbcglobal.net,Catch-all,Machine shop,Custom CNC Machining and Milling San Diego,,,,,,,32.888972,-117.16291,,,,
Advanced Machine,3400 El Cajon Blvd,San Diego,CA,92104,United States,(619) 640-4609,,,,Machine shop,,,,,,,,32.7558245,-117.1199539,,,,
Alex Machining Corp,6151 Progressive Ave #500,San Diego,CA,92154,United States,,https://alexmachining.com/,ab@alexmachining.com,Valid,"Machine shop, Machine repair service, Machine workshop, Machinery parts manufacturer, Metal machinery supplier","Alex Machining Corp is a CNC machine shop located in San Diego, specializing in complex prototyping and high quantity production runs, as well as repairing existing parts. The company focuses on providing high-quality, precision machining services for various materials, including metals and plastics.",13,https://www.linkedin.com/company/alex-machining-corp,https://www.facebook.com/alejandro.buenrostro.969,,,,32.5706669,-117.0031315,Alex,Buenrostro,President,ab@alexmachining.com
American Machine & Tool. Inc,500 Raleigh Ave,El Cajon,CA,92020,United States,(619) 401-7500,https://www.amt-ind.com/,wes.isom@amt-ind.com,Valid,Manufacturer,"American Machine Tool, Inc. is a large CNC manufacturing company that serves the Aerospace Defense, Electronic, Medical, and Automotive Industries. They are committed to providing high-quality parts with on-time deliveries. Their services include precision CNC milling, turning, certified welding, water jet cutting, and more.",8,,,,,,32.7999492,-116.9736065,,,,
Arce Engines,10704 Prospect Ave Suite B,Santee,CA,92071,United States,(619) 448-1171,http://www.arceengines.com/,arceengines@cs.com,Catch-all,"Auto machine shop, Auto repair shop, Auto parts store, Engine rebuilding service","Arce Engines was established in 1990 as a small business working part time building engines and selling parts from a two car garage located in Santee, California. The founder Dave Arce, who previously worked 15 years as a professional in the aerospace industry, hasbrought expert business structure and quality workmanship to the automotive industry.",<25,https://www.linkedin.com/company/arce-enterprises,https://www.facebook.com/dave.arce,,,https://www.youtube.com/user/arceengines,32.8314686,-116.9655116,,,,
Clint Precision Manufacturing,7665 Formula Pl # A,San Diego,CA,92121,United States,(858) 271-4041,https://clintprecision.com/,info@clintprecision.com,Catch-all,Machine shop,"Services Include: Precision CNC Machining, Certified MIG & TIG Welding, Micro Welding, Waterjet Cutting, Laser Engraving & Metal Fabrication. R&D, Prototype, Short & Long Production Runs. Certified ISO 9001-2015 Registered SAM, PIEE / WAWF. Serving the Aerospace, Military, Nuclear Energy, Laser Technology, Water Purification, Medical, Biomedical & Semiconductor Industries since 1988.",1,https://www.linkedin.com/company/clint-precision-mfg,,,,,32.8874822,-117.1571462,Mike,Gompper,Vice President,mg@clintprecision.com
Cnc Manufacturing,7015 Manya Cir,San Diego,CA,92154,United States,(619) 628-4700,https://cncmfg.net/,,,Machine shop,"CNC Manufacturing was established in the spring of 1996, as a sub-tier supplier to major part suppliers, and we are proud to share with you that we are a family-owned and operating business since that time. Lydia Cruz is our owner/president and has over 25 years ofexperience as an office manager, purchasing manager, and treasurer, and at this present time she is still working in the office.",1,https://www.linkedin.com/company/billetware,,,,,32.5941041,-117.0850232,,,,
"Cnc Parts Dept., Inc.",4930 Naples Pl,San Diego,CA,92110,United States,(858) 922-4967,https://www.cncpd.com/,parts@cncpd.com,Valid,Industrial equipment supplier,"CNC Parts Dept., Inc. is a division of CNC Services, Inc., specializing in the sales and servicing of CNC machinery and parts. They provide a wide range of new and used CNC routers, including 3-axis and 5-axis machines from top manufacturers. Their services encompass machine calibration, maintenance, upgrades, training, and repair support, catered to CNC machinery customers nationwide.",9,https://www.linkedin.com/company/cnc-parts-dept-inc-,https://www.facebook.com/cncpartsdept,,,,32.7699604,-117.2032317,Lynn,"Kramer, P.E.","Partner, Cnc Parts Dept, Inc",lynn@cncpd.com
Coast Precision Enterprises,8636 Commerce Ave,San Diego,CA,92121,United States,(858) 695-9585,https://www.coastprecision.com/,colby@coastprecision.com,Catch-all,Machine shop,"Coast Precision specializes in complex, close-tolerance machining in San Diego for leading military, aerospace and medical companies.",28,https://www.linkedin.com/company/coast-precision-enterprises,https://www.facebook.com/Coast-Precision-Enterprises-Inc-279728362520751,,,,32.881214,-117.168963,Gary,Smith,,gary_s@coastprecision.com
Craftec Machine Shop & Welding,2257 Imperial Ave,San Diego,CA,92102,United States,(619) 696-9348,,,,Machine shop,,,,,,,,32.7058609,-117.1430137,,,,
Cylinder Head Services,3760 Hancock St E,San Diego,CA,92110,United States,(619) 295-1371,,,,Auto machine shop,,,,,,,,32.7580387,-117.2118193,,,,
D & C Engine Machine Shop,8873 Balboa Ave,San Diego,CA,92123,United States,(858) 874-1898,,,,Machine shop,,,,,,,,32.8202618,-117.1377414,,,,
D & D Tech Inc: Precision Machining Services,7965 Dunbrook Rd Ste E,San Diego,CA,92126,United States,(858) 549-0258,,,,"Machine shop, Machining manufacturer",,,,,,,,32.8932985,-117.1495503,,,,
Darmark Corporation,13225 Gregg St,Poway,CA,92064,United States,(858) 679-3970,https://www.darmark.com/,andy@darmark.com,Valid,Machine shop,"Darmark Corporation is a leading CNC machine shop located in Poway, California, specializing in high-precision machining services for various industries, including aerospace, medical, semiconductor, power generation, and transport. Established in 1978, the company has built a reputation for exceptional quality and outstanding customer service, ensuring timely delivery and innovative solutions for",75,https://www.linkedin.com/company/darmark-inc,,,,https://youtu.be/yfq1ccMTlTw,32.9363663,-117.0427093,Andy,Yurina,Quality Manager,andy@darmark.com
Dye Cnc,10637 Scripps Summit Ct Suite B,San Diego,CA,92131,United States,(858) 444-2222,https://www.dyecnc.com/,contact@dyecnc.com,Catch-all,Machine shop,"At Dye Precision CNC, we pride ourselves in meeting the challenging needs of engineering designs that must keep up with technological advancements in many industries. With high performance simultaneous 5 axis machining technology, we offer value added activities that reduce the number of operations, increase cutting speeds, and minimizes setups while producing a quality standard that exceeds customer expectation.",13,https://www.linkedin.com/company/dye-precision-cnc-inc-,https://www.facebook.com/dyecnc,,,,32.9401608,-117.0973324,Jason,Hunt,"Coo | Expert in Supply Chain Operations, Logistics, Inventory Management, Procurement, Cash Flow Forecasting and Contract Negotiations",jason@dyecnc.com
Dynamic Marine Machining,9020 Olive Dr,Spring Valley,CA,91977,United States,(619) 222-9805,https://dynamicmarinemachining.com/,mimigomes63@gmail.com,Valid,Machine shop,"Dynamic Marine Machining offers top-notch marine machining services, custom fabrication, and welding services for the marine industry.",,,,,,,32.7423965,-117.0039995,,,,
Etogen Precision,7558 Trade St,San Diego,CA,92121,United States,(858) 450-0990,https://www.etogen.com/,sales@etogen.com,Valid,Machine shop,"Etogen Precision is a CNC machine shop specializing in mill/turn (9 axis), 3, 4 and 5 axis machining as well as laser marking. We are based out of San Diego, California, United States.",7,https://www.linkedin.com/company/etogen-precision,,,,,32.8895916,-117.1604035,Alex,Okun,Owner,aokun@etogen.com
Gp Machine Tech,6345 Nancy Ridge Dr,San Diego,CA,92121,United States,(858) 552-7805,https://www.gpmachinetech.com/,info@gpmachinetech.com,Valid,Machine shop,"GP Machine Tech, Inc. specializes in custom machined parts and components, serving businesses throughout Southern California since 2007. Their state-of-the-art facility utilizes advanced CNC machining technology, enabling them to efficiently handle projects of varying complexity.",6,https://www.linkedin.com/company/gp-machine-tech,,,,,32.8871594,-117.1837778,,,,
Green Flash Machine Llc,2810 Via Orange Way # B,Spring Valley,CA,91978,United States,(619) 749-1869,https://greenflashmachine.com/,info@greenflashmachine.com,Catch-all,"Machine shop, Machine repair service, Machinery parts manufacturer, Machining manufacturer, Metal fabricator, Metal working shop, Metal workshop","Green Flash Machine LLC is a precision machining company located in Spring Valley, CA, serving clients in various industries including medical, aviation, automobile, and underwater sectors. They specialize in custom CNC machining and EDM wire cutting services, focusing on high-quality fabrication of specialized parts.",8,https://www.linkedin.com/company/green-flash-machine-llc,,,,,32.7288749,-116.969881,,,,
Harry's Machine Shop,3876 Menlo Ave,San Diego,CA,92105,United States,(619) 624-0167,,,,Machine shop,,,,,,,,32.7491261,-117.0947302,,,,
High Precision Grinding & Machining,1130 Pioneer Way,El Cajon,CA,92020,United States,(619) 440-0303,https://highprecisiongrinding.com/,keith@highprecisiongrinding.com,Catch-all,Machine shop,"Established in 1971, High Precision Grinding Machining Inc. (HPGM) specializes in providing high-quality precision machining, grinding, and other services primarily for the aerospace sector while also serving the commercial market. The company operates in a 19,000 square foot facility that allows for process consolidation, ensuring control, traceability, and timely delivery.",20,https://www.linkedin.com/company/high-precision-grinding-&-machining-inc.,https://www.facebook.com/highprecisiongrinding,,,,32.8097115,-116.9683287,Keith,Brawner,Machining,keith@highprecisiongrinding.com
Leo's Machine Shop,170 Mace St # C5,Chula Vista,CA,91911,United States,(619) 420-8812,,,,Auto machine shop,,,,,,,,32.5926999,-117.0546326,,,,
Lilly's Precision Products,3737 Kenora Dr Suite A,Spring Valley,CA,91977,United States,,,,,Machine shop,,,,,,,,32.7462702,-116.9869722,,,,
Lt Cnc Machining Inc.,7945 Silverton Ave,San Diego,CA,92126,United States,(858) 586-7705,https://www.ltmachininginc.com/homepage.php,liem@ltmachininginc.com,Valid,"Machine shop, Manufacturer","LT CNC MACHINING provides precision CNC machining in the worlds most complex and advanced industries. We take quality seriously and monitor accuracy of measurements, machined parts and performance. LT CNC MACHINING adheres to the strictest industry standards for machining because we understand that each measurement must be exact.",<25,https://www.linkedin.com/company/l-t-machining,,,,,32.8905921,-117.1499552,Liem,Phan,Vice President,liem@ltmachininginc.com
Machinist Lab,4905 Morena Blvd #1314,San Diego,CA,92117,United States,(858) 215-1835,https://www.machinistlab.com/,,,Machine shop,"Discover our precision CNC machining services, designed for accuracy and efficiency in every project. Trust us for all your CNC manufacturing needs.",,,,,,,32.8271525,-117.2302068,,,,
"Micro Tool & Manufacturing Co., Inc.",6494 Federal Blvd,Lemon Grove,CA,91945,United States,(619) 582-5453,https://www.microtoolmfginc.com/,,,"Machine shop, Metal fabricator, Water jet cutting service","Micro Tool & Mfg., INC. is a family-owned precision machining company based in San Diego, California, operating since 1960. They specialize in a wide range of machining services including CNC turning, milling, grinding, and 5-axis waterjet cutting. The company is committed to providing top-quality components and meeting customer expectations, supported by an ISO 9001 based quality management system.",3,https://www.linkedin.com/company/micro-tool-&-manufacturing-inc,https://www.facebook.com/micro-tool-mfg-120991501380331,,,,32.732844,-117.058444,,,,
Motor Machine & Supply,1602 Hoover Ave,National City,CA,91950,United States,(619) 474-9366,,,,"Auto machine shop, Machine shop",,,,,,,,32.6681323,-117.1063917,,,,
"Motor Works, Inc",1625 Coolidge Ave #35,National City,CA,91950,United States,(619) 327-0200,,,,"Auto repair shop, Car repair and maintenance service",,,,,,,,32.6676863,-117.1067764,,,,
Qualified Machine Shop,11689 Sorrento Valley Rd # F,San Diego,CA,92121,United States,(858) 259-9286,https://www.qualifiedmachine.com/,,,"Machine shop, Professional services","Top San Diego machine shop offering precision CNC machining, milling, and turning. Specializing in aerospace, medical, and automotive parts with rapid turnaround since 1980.",,,,,,,32.9142078,-117.2331233,,,,
Quality Auto Machine,7865 Raytheon Rd,San Diego,CA,92111,United States,(858) 565-7467,,,,"Auto machine shop, Engine rebuilding service, Machine shop",,,,,,,,32.8305039,-117.152531,,,,
"Ralls Precision Machine, Inc.",9746 Prospect Ave,Santee,CA,92071,United States,(619) 448-2698,https://rallsprecision.com/,info@rallsprecision.com,Catch-all,"Machine shop, Manufacturer, Water jet cutting service","RPM now offers full 3D and multi Axis machining, along with turning capabilities of up to 16 diameter X 32 in length. In addition to some very powerful machining capabilities RPM also has the latest in Cad Cam machining and design software and produces products from concept to full production.",2,https://www.linkedin.com/company/ralls-precision-machine-inc.,,,,,32.8316936,-116.9845179,Andy,Ralls,Company Owner,andy@rallsprecision.com
Rick's Machine Shop,11448 Woodside Ave,Santee,CA,92071,United States,(619) 562-8010,,,,Auto machine shop,,,,,,,,32.8514467,-116.9523854,,,,
Rise Up Industries: Cnc Machine Shop,5275 Market St,San Diego,CA,92114,United States,(619) 457-0790,https://riseupindustries.org/,giving@riseupindustries.org,Valid,"Machine shop, Machinery parts manufacturer, Machining manufacturer, Metal fabricator, Metal workshop, Non-profit organization, Screen printer","Rise Up Industries is a nonprofit organization founded in 2013 that follows the model of Homeboy Industries to assist previously incarcerated, formerly gang involved individuals in reentering society. The organization offers a Reentry Program that focuses on gang intervention, prevention, and post-detention services to reduce gang involvement and recidivism rates.",19,https://www.linkedin.com/company/riseupindustries,https://www.facebook.com/RiseUpIndustries,https://x.com/RiseUpIn,https://www.instagram.com/riseup_industries,https://www.youtube.com/@riseupindustries9434,32.7100035,-117.0816125,Nicole,Wriedt,Development Director,n.wriedt@riseupindustries.org
San Diego Crankshafts,10704 Prospect Ave,Santee,CA,92071,United States,(619) 449-1736,http://sandiegocrankshafts.com/,,,"Auto machine shop, Auto parts store","Serving San Diego County for over 25 years with Crankshaft Grinding, Balancing, Polishing, Welding & Auto Parts Sales. Formerly Beans Crankshaft & Supply.",,,,,,,32.8314686,-116.9655116,,,,
San Diego Cylinder Heads,10704 Prospect Ave Suite B,Santee,CA,92071,United States,(888) 272-3227,http://sandiegocylinderheads.com/,,,Distribution service,San Diego Cylinder Heads,,,,,,,32.8314686,-116.9655116,,,,
San Diego Precision Machining Inc.,9375 Ruffin Ct,San Diego,CA,92123,United States,(858) 499-0379,https://sdpm.com/,sales@sdpm.com,Valid,Machine shop,"San Diego Precision Machining is dedicated to providing quality machining services and machining parts, from prototype to production runs.",12,https://www.linkedin.com/company/san-diego-precision-machining,,,,,32.8282399,-117.1241945,James,Fox,Gen. Mgr.,jfox@sdpm.com
"Sd Prototypes Manufacturing Solutions, Inc",8616 Commerce Ave,San Diego,CA,92121,United States,(858) 549-9501,https://sdprototypes.com/,vendors@sdprototypes.com,Valid,Machine shop,"Over 25 years experience in this type of manufacturing we have the knowledge and practical skills needed to take on most any project presented. ?2024 SD Prototypes Manufacturing Solutions, Inc.Read more",<25,https://www.linkedin.com/company/sd-prototypes-manufacturing-solutions-inc,https://www.facebook.com/sd-prototypes-manufacturing-solutions-inc-731169176964439,,,,32.8811635,-117.1684772,Don,Gunn,President,dongunn@sdprototypes.com
"Shop Floor Automations, Inc.",5360 Jackson Dr # 202,La Mesa,CA,91942,United States,(619) 461-4000,https://www.shopfloorautomations.com/,support@shopfloorautomations.com,Valid,"Industrial consultant, Computer support and services","With over 20 years in business & connection to thousands of machine tools, Shop Floor Automations has the knowledge & tools to automate your plant. As a Manufacturing System Integrator since 1998, we found the best products to improve your machine tool productivity & shop floor processes.",15,https://www.linkedin.com/company/shop-floor-automations-inc.,https://www.facebook.com/shopfloorautomations,https://x.com/sfa_inc,https://www.instagram.com/shopfloorautomations,https://www.youtube.com/user/shopfloorautomations,32.7763071,-117.0181271,Greg,M,,gregm@shopfloorautomations.com
Surrey Precision Tool,8475 Commerce Ave,San Diego,CA,92121,United States,(858) 693-9800,https://www.surreyprecision.com/,info@surreyprecision.com,Valid,"Machine shop, Water jet cutting service","Surrey Precision Tool, Inc. has been providing quality manual and CNC Machining since 1990. Surrey Precision is centrally located in San Diego’s Miramar area. It is a full service machine shop.",4,,,,,,32.8798646,-117.167226,,,,
Ttn Machining,9105 Olive Dr #101,Spring Valley,CA,91977,United States,(619) 303-4573,https://www.ttnmachining.com/,htruong@ttnmachining.com,Valid,Machine shop,"We operate under a strict overnight policy here at TTN Machining; if you bring something in or send us a solid model at night, we will have it ready for you to go that next morning. We pride ourselves on our efficiency and capability to meet exactly the customers needs just as they are and on time.",5,https://www.linkedin.com/company/ttn-machining-inc.,,,,,32.741524,-117.002577,Hung,Truong,Ceo and President,htruong@ttnmachining.com
Tuneup And Smog Masters Inc,9851 Campo Rd,Spring Valley,CA,91977,United States,(619) 668-4671,http://samstuneupmasters.com/,,,Auto machine shop,"Sams Tune Up Masters is a family-owned automotive repair shop that provides quality repair and maintenance services for vehicles of all makes and models. With a focus on customer satisfaction, they employ highly trained mechanics and utilize up-to-date diagnostic software.",6,,,,,https://www.youtube.com/watch,32.7477199,-116.9835176,,,,
Ucsd Machining And Prototyping Services,9500 Gilman Dr,La Jolla,CA,92093,United States,(619) 415-3574,https://machining.ucsd.edu/,women@ucsd.edu,Unknown,"Machine shop, Wedding service","The University of California, San Diego (also referred to as UC San Diego or UCSD), is a public research university located in La Jolla, California.","41,666",https://www.linkedin.com/company/university-of-california-at-san-diego,https://www.facebook.com/UCSanDiego,https://x.com/ucsandiego,https://www.instagram.com/ucsandiego,,32.8752382,-117.2415112,Lusia,Veksler,Fund Manager,lveksler@ucsd.edu
Vetpowered,2717 Boston Ave,San Diego,CA,92113,United States,(619) 269-7116,https://www.vetpowered.com/,info@vetpowered.com,Valid,"Manufacturer, Machine repair service, Machine shop","VetPowered increases our customers’ competitive advantage with a veteran and wounded warrior workforce highly trained in machinery repair, maintenance and advanced manufacturing. 8(a), AS9100D and ISO 9001:2015 Certified.
- 3D Printing
- Engineering Services
- Machinery Repair & Maintenance Services
- 5-Axis CNC Milling & Turning
- Advanced Welding/Fabrication
- CNC Waterjet
- CNC Laser 
- Rapid Prototyping
- CNC Training
- General Contractor Lic# 994652",20,https://www.linkedin.com/company/vetpowered,https://www.facebook.com/vetpowered,,,,32.6936114,-117.1353568,Melissa,Morales,,melissa@vetpowered.com
Yacht Machining By Marine Machine Services,3030 Hancock St,San Diego,CA,92110,United States,(619) 208-7254,http://www.mmsyachtmachining.com/contact-us/,,,Building materials supplier,"Yacht Machining by Marine Machine Services specializes in manufacturing luxury high-quality yacht hardware, utilizing materials such as 316L stainless steel, aluminum, and titanium. They offer custom yacht hardware solutions, including racing hardware for rigging and replacement parts.",6,https://www.linkedin.com/company/marine-machine-service,,,,,32.7533889,-117.2036645,,,,
2c / Twosee,7955 Dunbrook Rd,San Diego,CA,92126,United States,,https://twosee.us/,,,Machine shop,"!!! By appointment only !!!(Mon – Fri / 5:30PM to 9:30PM) We are not a gun store.We don’t have any guns here For Sale. The fastest ways to reach us are:(1) TEXT (first, last name, your messages)or (2) CALL – (619) 354-3537 (24h7) Customer’s S",,,,,https://www.instagram.com/p/Cp0yyhZPsf6,,32.8929291,-117.1495972,,,,
5th Axis,7140 Engineer Rd,San Diego,CA,92111,United States,,https://www.5thaxis.com/,careers@5thaxis.com,Valid,Machine shop,"5th Axis is a global leader in automated production, manufacturing, and machining. We offer an extensive range of workholding solutions, automation solutions, and CNC machine products for 3, 4, and 5-axis machines.
 
5th Axis’s product line includes vises, tombstones, fixtures, dovetail cutters, and the ever-popular Rock Lock quick-change system that provides machine shops the edge they need to stay efficient, competitive, and profitable.",57,https://www.linkedin.com/company/5th-axis-fixtures,https://www.facebook.com/5thaxisworkholding,https://x.com/fifthaxis,https://www.instagram.com/5thaxis,https://www.youtube.com/@5th_Axis,32.8280029,-117.1617355,Mathew,Evans,,mevans@5thaxis.com
"A.p. Machine Technology, Inc.",7888 Silverton Ave,San Diego,CA,92126,United States,(858) 564-0864,https://www.apmachinetech.com/,al@apmachinetech.com,Valid,Machine shop,"American Precision Machine Technology, Inc. is a family-owned precision machine shop based in San Diego, California. Since 1998, we’ve been trusted by customers to deliver tight-tolerance components with reliability and speed.
We specialize in both short-run R&D work and long-run production, offering CNC milling and turning services tailored to meet complex design and lead time requirements.",2,https://www.linkedin.com/company/apmachinetech,,,,,32.891407,-117.1514969,,,,
Accurate Machine,8929 Gardena Way,Lakeside,CA,92040,United States,(619) 443-3935,,,,Machine shop,,,,,,,,32.8380661,-116.9325104,,,,
Adiem Engineering Cnc Llc,10728 Prospect Ave,Santee,CA,92071,United States,(619) 312-0935,https://adiemcnc.com/,info@adiemcnc.com,Catch-all,Machine shop,"Adiem Engineering CNC LLC specializes in providing custom machining services tailored to exact specifications. Their team of skilled engineers and machinists is dedicated to delivering high-quality work, ensuring client satisfaction through collaboration.",5,,,,,,32.8315811,-116.9650955,,,,
Aerowind Corporation,1959 John Towers Ave,El Cajon,CA,92020,United States,(619) 562-6090,https://www.aerowind.com/,billk@aerowind.com,Catch-all,Machine shop,"Aerowind focuses on delivering precision, performance, and power through innovative solutions. The company is currently developing a new website to showcase its offerings. Their products and services are designed to meet the needs of clients seeking high-quality performance.",37,https://www.linkedin.com/company/aerowind-corp,,,,,32.8245888,-116.9804688,Scott,Davis,Adm Assistant,scottd@aerowind.com
Alacrity Manufacturing,832 Lura Ave,El Cajon,CA,92020,United States,(619) 368-0730,,,,Machine shop,,,,,,,,32.7853203,-116.9664688,,,,
Alfa Edm Inc.,1605 Pacific Rim Ct,San Diego,CA,92154,United States,(619) 661-6267,https://alfatek.com/,sales@alfatek.com,Valid,Machine shop,"ALFATEK INC is a machinery company based out of 1605 PACIFIC RIM CT SUITE F, SAN DIEGO, California, United States.",2,https://www.linkedin.com/company/alfatek-inc,,,,,32.5676842,-116.9920425,,,,
B & T Precision,8930 Activity Rd,San Diego,CA,92126,United States,(858) 549-9089,,,,Machine shop,,,,,,,,32.8967133,-117.1341019,,,,
Bats Better Precision Machining,9040 Carroll Way,San Diego,CA,92121,United States,(858) 220-6727,http://batsbetter.com/,bt@batsbetter.com,Catch-all,Machine shop,"Bats Better specializes in making research and development prototype parts. We have expanded from manual machining to CNC manufacturing. You can give us a simple drawing and we will make your part, or if you need assistance with developing your ideas we can help you reach your final goal.",,,,,,,32.887989,-117.1595917,,,,
Baxter's Machine,1400 Hoover Ave,National City,CA,91950,United States,(619) 264-0824,,,,Auto repair,,,,,,,,32.6698341,-117.1071625,,,,
"Bear Machining, Inc",1044 Pioneer Way,El Cajon,CA,92020,United States,(619) 483-2303,https://www.bear-machining.com/,info@bear-machining.com,Valid,Machine shop,"Bear Machining Inc is a family-owned CNC machine shop near San Diego, California, focused on precision, quality, and on-time delivery of parts.",,,,https://wix.com,,,32.8096657,-116.9682541,,,,
Bender Ccp,757 Main St,Chula Vista,CA,91911,United States,(619) 232-5719,https://www.benderccp.com/index.html,careers@benderccp.com,Valid,Machine shop,"Bender CCP is one of the leading full-service providers of engineering, machine shop and in-place field machine repair services in the western region. With decades of experience across several industries including energy, hydropower, ship repair, commercial and others, we are one of the only companies that can handle large-scale complex projects in machining, grinding, balancing, equipment overhau",82,https://www.linkedin.com/company/bender-u-s-,https://www.facebook.com/valmetcorporation,https://www.x.com/valmetglobal,,,32.5941772,-117.0188446,Charlie,Hurd,,churd@benderccp.com
Bti Inc - Bti Cnc,9525 Pathway St,Santee,CA,92071,United States,(619) 486-4476,https://www.bticnc.com/,,,Machine shop,Tool Engineering  // Precision CNC Machining  // Welding and Fabricating // CNC Sheetmetal  // Specialty Hand Tools,,,https://www.facebook.com/btiinc,,,,32.8320732,-116.9890747,,,,
C&h Machine,939 S Andreasen Dr,Escondido,CA,92029,United States,(760) 746-6459,https://www.c-hmachine.com/,info@c-hmachine.com,Valid,Machine shop,"C&H Machine, Inc. is a world-class precision machining California job shop specializing in full-service machining, milling, and turning. From 5 axis machining to Custom Cell Manufacturing, we have the technology and experience to produce the quality parts and components required by customers in a wide range of industries.",44,https://www.linkedin.com/company/c&h-machine,,,,,33.1135292,-117.1154938,Manolo,Viray,Planner and Scheduler,manolo.viray@c-hmachine.com
Cnc Machining Services,7949 Silverton Ave,San Diego,CA,92126,United States,(858) 578-7881,https://www.west-industries.com/,info@west-industries.com,Valid,Machine shop,"West Industries is a leading provider of quality manufacturing and product development services. We are a fully-equipped machine shop, enabling us to take on all jobs - large and small. Our workmanship is second to none, and our pricing is competitive and fair.",<25,https://www.linkedin.com/in/danny-west-33162217,,,https://www.instagram.com/laser_etch_mark_engrave,,32.8901138,-117.1498871,Danny,West,,danny@west-industries.com
Computer Integrated Machining,10940 Wheatlands Ave,Santee,CA,92071,United States,(619) 596-9246,https://cimsd.com/,davel@cimsd.com,Valid,Machine shop,"Computer Integrated Machining, Inc. offers precision machining services, specializing in CNC milling, CNC turning, EDM processing, and more. With over 25 years of experience, they serve a diverse range of clients, focusing on quality and timely delivery while maintaining certifications in AS9100D, ISO 9001:2015, and ITAR.",17,https://www.linkedin.com/company/computer-integrated-machining,https://www.facebook.com/computer-integrated-machining-132991653701123,https://www.x.com/cimsd,,,32.8467674,-116.9591064,,,,
Comsurge Inc,12118 Poway Rd,Poway,CA,92064,United States,(858) 679-1188,https://www.comsurge.com/,info@comsurge.com,Catch-all,Machine shop,"Comsurge has been designing and manufacturing cutting tools for over 25 years and is recognized as a dependable source for high quality tools. We are a well-known, respected custom-made tooling supply company. In order to supply our customers with the best values in the market for cutting tool services, our companys goal is to improve the quality of our products and upgrade production facilities.",25,https://www.linkedin.com/company/com-surge-inc.,,,,,32.9509735,-117.0686111,,,,
Conn's Machining,10207 Buena Vista Ave,Santee,CA,92071,United States,,,,,Machine shop,,,,,,,,32.8341866,-116.975235,,,,
"Coredux Usa, Llc",6721 Cobra Way,San Diego,CA,92121,United States,(858) 642-0713,https://www.coredux-usa.com/,,,Machine shop,Home - CoreDux USA LLC.,,https://www.linkedin.com/company/coredux,,https://mailto:sales.de@coredux.com,,https://youtube.com/@coredux8698,32.9100571,-117.1750565,,,,
Custom Machinery And Automation,7992 Mission Vista Dr,San Diego,CA,92120,United States,,,,,Machine shop,,,,,,,,32.8131981,-117.0685959,,,,
Design Solutions Machining,7410 Trade St,San Diego,CA,92121,United States,(858) 689-8788,https://www.dsmachining.com/,david@dsmachining.com,Valid,Machine shop,"Established in 1971, HPG&M maintains an exceptional reputation for the highest quality precision capabilities. While meeting the strict demands and requirements of aerospace, HPG&M also remains highly competitive in the commercial market. Within a 19,000 square foot facility, HPG&M offers the unique versatility and tremendous cost effectiveness of machining, grinding and other high precision capabilities all under one roof.",<25,https://www.linkedin.com/company/design-solutions-machining,https://www.facebook.com/highprecisiongrinding,,,,32.8901291,-117.163002,David,Meas,Manager,david@dsmachining.com
Drewfab,10455 Valle Vista Rd,Lakeside,CA,92040,United States,(619) 921-3901,https://www.drewbuilt.com/,sarah@drewbuilt.com,Catch-all,Machine shop,"DREWFAB Inc. - your go to for all your Engineering and Manufacturing needs! DREWFAB is a family-owned and operated small business located in Lakeside, CA. serving a wide variety of customers and industries. With in-house, state-of-the-art CNC machines, over a decade of experience, and a commitment to the highest quality and customer service, DREWFAB can handle any project.",3,,https://www.facebook.com/drewbuilt,,,,32.8685646,-116.9320526,Sarah,Dominique,,sarah@drewbuilt.com
Eastwood Machine,9346 Abraham Way,Santee,CA,92071,United States,(619) 873-3660,https://www.eastwoodmachine.com/,support@eastwoodmachine.com,Valid,Machine shop,"In September 2005, Sara and Joe Odneal purchased Eastwood Machine, LLC, a small machine shop located in a 1,300 square foot space with 2 manual mills and no employees. After more than a decade of hard work and unwavering commitment to quality and exceeding customer expectations, Eastwood Machine is now a preferred supplier for defense, aerospace, homeland security, and several large government contractors.",12,https://www.linkedin.com/company/eastwood-machine,,,,,32.8461227,-116.9643402,Kimberly,Mcclure,"Human Resources, Benefits & Payroll Manager",kmcclure@eastwoodmachine.com
Enviro-tech Industries - San Diego,9275 Trade Pl,San Diego,CA,92126,United States,(858) 863-6891,https://www.envirotechsd.com/,info@envirotechsd.com,Valid,Machine shop,"Our Mission:
ETI-SD is committed to creating and promoting high quality automation solutions with emphasis on rapid deployment, high-modularity, and maximum versatility. We strive to provide excellent service along with continued growth and success for our business, as well for customers and partners.",2,https://www.linkedin.com/company/envirotechsd,https://www.facebook.com/EnviroTechSD,https://x.com/EnviroTechSD,https://www.instagram.com/envirotechsd,https://www.youtube.com/@EnviroTechSD,32.8921204,-117.1529465,,,,
Floyds Automotive Machine Services,4603 El Cajon Blvd,San Diego,CA,92115,United States,(619) 284-7333,,,,Automotive,,,,,,,,32.7553101,-117.0951157,,,,
Fox Machine,1100 N Magnolia Ave,El Cajon,CA,92020,United States,(619) 588-2111,,,,Machine shop,,,,,,,,32.8108063,-116.9634094,,,,
Franklins Industries,12135 Dearborn Pl,Poway,CA,92064,United States,(858) 486-9399,https://www.franklin-ind.com/,franklin@franklin-ind.com,Valid,Machine shop,"Franklins Industries is a leading provider of manufacturing and engineering services with nearly five decades of experience, operating under three divisions: Franklins Industries of San Diego, Certified Precision Welding, and Franklins Industries of Texas.",37,https://www.linkedin.com/company/franklins-industries-of-san-diego-inc.,,,,,32.9358025,-117.0375137,Tyler,Pelfrey,Project Manager,tyler.pelfrey@franklin-ind.com
Frontier Cnc,10728 Prospect Ave,Santee,CA,92071,United States,(619) 596-2639,,,,Machine shop,,,,,,,,32.8315811,-116.9650955,,,,
Frontline Performance,1496 Fayette St,El Cajon,CA,92020,United States,(619) 938-2222,,,,Machine shop,,,,,,,,32.8159828,-116.9781418,,,,
"Futuristics Machine, Inc.",7014 Carroll Rd,San Diego,CA,92121,United States,(858) 450-0644,https://www.futuristicsmachine.com/,sales@futuristicsmachine.com,Valid,Machine shop,"Futuristics Machine is a premier CNC machine shop located in San Diego, California, with over 30 years of expertise in CNC machining and welding. They specialize in precision manufacturing of metal and plastic components, offering guaranteed quality and meticulous collaboration with design engineers to optimize production and reduce costs.",25,https://www.linkedin.com/company/futuristics-machine-inc.,,,,,32.8854332,-117.1700668,Mark,McGinn,President & Owner,mark.mcginn@futuristicsmachine.com
"G.v. Industries, Inc: Cnc Machine Shop: Precision Machining",1346 Cleveland Ave,National City,CA,91950,United States,(619) 474-3013,https://www.gvindustries.biz/,email@gvindustries.biz,Valid,Machine shop,"G.V. Industries specializes in precision CNC machining, milling, and assembly services, with certifications in AS9100 and ISO 9001. Established in 1978, the company serves a range of industries including aerospace, medical, robotics, and semiconductors, focusing on delivering high-quality components with tight tolerances.",68,https://www.linkedin.com/company/gvindustriesinc,https://www.facebook.com/giovannagallolegal,,https://www.instagram.com/gvindustriesinc,https://www.youtube.com/@gvindustriesinc,32.6686058,-117.1133957,Michael,Uribe,"Manager, Shipping",michael@gvindustries.biz
Grc Performance Machine,8455 Winter Gardens Blvd,Lakeside,CA,92040,United States,(619) 443-3300,,,,Machine shop,,,,,,,,32.8306923,-116.9321442,,,,
H & P Machine Technology,7626 Miramar Rd,San Diego,CA,92126,United States,(858) 695-3077,,,,Machine shop,,,,,,,,32.8871765,-117.1527786,,,,
Hall Machine,7775 Arjons Dr,San Diego,CA,92126,United States,(858) 693-3975,https://www.hallmachinesd.com/,hall@hallmachinesd.com,Unknown,Machine shop,"Hall Machine, established in 1989, specializes in precision CNC machining services, delivering high-quality machined components to critical industries such as aerospace, medical, bioscience, and underwater technology. With over 35 years of experience, the company has built a reputation for exceptional quality and integrity.",12,https://www.linkedin.com/company/rdl-machine-inc,,,,,32.8933754,-117.1515732,Debbie,Hall,Manager,debbie@hallmachinesd.com
Horizon Engineering Inc,13200 Kirkham Way,Poway,CA,92064,United States,(858) 679-0785,https://www.horizon-eng.com/,michael.castle@horizon-eng.com,Unknown,Machine shop,Horizon Engineering,,,,,,,32.9355316,-117.0435104,,,,
Hyve Technologies,4905 Morena Blvd,San Diego,CA,92117,United States,(858) 270-1987,https://hyve-technologies.com/,code@hyve-technologies.com,Unknown,Machine shop,"HYVE Technologies is a custom design and manufacturing company specializing in high-quality aftermarket parts and accessory upgrades for Glock and Smith & Wesson handguns. The company caters to avid firearm enthusiasts, offering a range of products including magazine extensions, trigger assemblies, and various accessories designed for home protection, competitive shooting, and law enforcement.",6,https://www.linkedin.com/company/hyve-technologies,https://www.facebook.com/hyve-technologies-189551751382569,https://www.x.com/hyvenation_,http://www.instagram.com/hyvetechnologies,http://www.youtube.com/hyvetechnologies,32.8311806,-117.2300339,,,,
Inno Tech Manufacturing Inc,10109 Carroll Canyon Rd,San Diego,CA,92131,United States,(858) 565-4556,https://www.innotech-mfg.com/,info@innotech-mfg.com,Valid,Machine shop,"Founded in 1996, Inno Tech Manufacturing Inc. was established at the hands of engineering experts, trying to develop a high-quality solution for the machining industry. Inno Tech Manufacturing Inc. utilizes state of the art, fully automated, equipment.",3,https://www.linkedin.com,https://www.facebook.com,https://x.com,,https://www.youtube.com,32.9032135,-117.107872,Melinda,Fischer,Administrative Assistant,melindaf@innotech-mfg.com
Integra Precision,337 W 35th St,National City,CA,91950,United States,(619) 500-5554,https://www.integraprecision.com/,,,Machine shop,Integra Precision is a leading CNC precision machining facility with over 20 years of experience. We specialize in delivering high-quality products for the aerospace industry and beyond. Contact us...,,,https://www.facebook.com,https://x.com,https://www.instagram.com,,32.6500664,-117.1004791,,,,
Jack West Cnc Inc.,3451 Main St,Chula Vista,CA,91911,United States,(619) 421-1695,https://www.jackwestcnc.com/,info@jackwestcnc.com,Valid,Machine shop,"Jack West CNC Inc. is a leading precision machining provider based in Chula Vista, California, specializing in conventional and CNC machining services. With over two decades of experience, they cater to diverse industries including automotive, aerospace, power generation, and medical, offering customized solutions for complex and intricate components.",8,https://www.linkedin.com/company/jack-west-cnc-inc,,,,,32.5925751,-117.0600586,Yenny,West,President,ywest@jackwestcnc.com
Jerames Manufacturing,460 Cypress Ln,El Cajon,CA,92020,United States,(619) 334-2204,https://www.jerames.com/,info@jerames.com,Valid,Machine shop,"Jerames Tool & Manufacturing specializes in precision machining for the aerospace and commercial industries, providing complex, tolerance-critical parts. The company serves a diverse range of sectors including aerospace, electronics, naval, medical/dental, and automotive after-market.",10,https://www.linkedin.com/company/jerames-industries-inc.-dba-jerames-tool-&-manufacturing,https://www.facebook.com/jerames-tool-and-manufacturing-499189696815359,,,,32.8171463,-116.9668274,Kevin,Flynn,Business Development Manager,kevin.flynn@jerames.com
Jerry's Welding And Machine,7637 Ronson Rd,San Diego,CA,92111,United States,(858) 565-4800,https://www.jerryswelding.com/,jerry@jerryswelding.com,Valid,Welders,"Jerrys Welding & Machine Inc. provides quality ornamental iron solutions in Southern California for over 30 years. Custom gates, railings, staircases and more.",,,,,,,32.8287392,-117.1556168,,,,
"Ji Machine Company, Inc.",9720 Distribution Ave,San Diego,CA,92121,United States,(858) 695-1787,https://www.jimachine.com/,lpiel@jimachine.com,Unknown,Machine shop,"J.I. Machine specializes in precision machining solutions, offering services such as CNC turning, milling, and Swiss-type screw machining using advanced CAD/CAM systems for efficient production. With over 40 years of experience, they serve various industries including aerospace, defense, medical, and automotive, ensuring high-quality products through rigorous quality assurance practices.",17,https://www.linkedin.com/company/j.i.-machine-company-inc.,,,,,32.8839073,-117.1633377,Jim,Piel,Vice President,jpiel@jimachine.com
Jiffy Machine & Welding Inc,1675 N Magnolia Ave,El Cajon,CA,92020,United States,(619) 448-6744,https://www.jiffymachine.com/,,,Machine shop,Jiffy Machine & Welding Inc has been providing machining services in San Diego since 1959. They specialize in a wide range of machining and welding capabilities to meet diverse industrial needs. The company aims to deliver high-quality solutions for clients seeking reliable machining support.,6,https://www.linkedin.com/company/jiffy-machine-&a;-welding-inc.,,,,,32.8224564,-116.9619904,,,,
Kinetic Cnc,8616 Miramar Pl,San Diego,CA,92121,United States,(949) 433-6220,https://www.kineticnc.com/,kinetic.cnc.sd@gmail.com,Valid,Machine shop,"Kinetic CNC is a machine shop based in San Diego specializing in prototyping, rapid turnaround parts, and small production runs. The company provides a complete engineering solution, focusing on design, reverse engineering, 3D modeling, and various CNC machining services.",8,https://www.linkedin.com/company/kinetic-cnc,,,https://www.instagram.com/kinetic.cnc,,32.8818817,-117.1819534,,,,
L & S Precision Cutter Services,10925 Wheatlands Ave,Santee,CA,92071,United States,(619) 448-7611,,,,Machine shop,,,,,,,,32.8462067,-116.9599228,,,,
M B Manufacturing,215 Denny Way,El Cajon,CA,92020,United States,(619) 562-1162,,,,Machine shop,,,,,,,,32.8199883,-116.9644241,,,,
"Machinex, Inc.",290 Trousdale Dr,Chula Vista,CA,91910,United States,(619) 422-4010,http://www.machinexinc.com/,sales@machinexinc.com,Valid,Machine shop,We are a San Diego area machine shop that specializes in the machining and fabrication of prototype to production parts. For a quote e-mail drawings or cad files to: sales@machinexinc.com Our customers are our highest priority. We aim to cultivate a long term business relationship by earning your trust and loyalty.,11,,,,,,32.6549377,-117.0848694,Joe,Calvillo,Owner,joe@machinexinc.com
Mathy Machine Inc,9315 Wheatlands Rd,Santee,CA,92071,United States,(619) 448-0404,https://mathymachine.com/,jay@mathymachine.com,Valid,Machine shop,A San Diego based CNC Machine shop specializing in production manufacturing of a wide range of product.,7,,,,,,32.8442688,-116.9606018,Bryan,Mathy,Mechanical Manufacturing Fab Shop Supervisor,bryan@mathymachine.com
"Mhd Manufacturing, Llc",2739 Via Orange Way,Spring Valley,CA,91978,United States,(619) 653-3288,https://www.instagram.com/mhd.manufacturing/,,,Machine shop,,,,,,,,32.7298203,-116.9684067,,,,
Micron Machine Co,12530 Stowe Dr,Poway,CA,92064,United States,(858) 486-5900,http://micronmachine.com/contact-1/,,,Machine shop,,,,,,,,32.9427452,-117.0509796,,,,
Moell Machine,1050 Pioneer Way,El Cajon,CA,92020,United States,(619) 971-3064,,,,Machine shop,,,,,,,,32.8102989,-116.9689789,,,,
Monroe Oem Llc,969 Buenos Ave,San Diego,CA,92110,United States,(619) 276-7880,https://www.oemmfg.com/,sales@oemmfg.com,Catch-all,Machine shop,"OEM Manufacturing Sales, LP specializes in providing cost-effective contract manufacturing solutions for businesses looking to consolidate their vendor base. With over 20 years of experience, they offer a diverse range of manufactured components, including fasteners, springs, and custom-engineered parts, while ensuring quality control through direct oversight of production processes.",25,https://www.linkedin.com/company/o.e.m.-manufacturing-and-sales-lp,,,,,32.7665024,-117.2035217,Monica,Valdez,President,monica@oemmfg.com
Omniswivel International,12520 Kirkham Ct,Poway,CA,92064,United States,(858) 748-9442,https://www.omniswivel.com/,sales@omniswivel.com,Catch-all,Machine shop,"OmniSwivel International is one of the first specialty manufacturers for the diving industry. The company focus is to research and develop reliable products for the recreational scuba, technical and re-breather diving industry to make their tasks easier.",1,https://www.linkedin.com/company/omniswivel-international,,,,,32.9438934,-117.051506,,,,
Pauter,367 Zenith St,Chula Vista,CA,91911,United States,(619) 422-5384,https://pauter.com/,info@pauter.com,Valid,Machine shop,"Pauter specializes in manufacturing high-quality automotive components, including rods, rockers, and crankshafts, serving the automotive industry for over fifty years. Their products, such as the renowned aluminum connecting rods and Porsche-specific rocker arms, are designed for exceptional strength, efficiency, and performance.",6,https://www.linkedin.com/company/pauter-machine-co,https://www.facebook.com/PauterMachine,https://www.x.com/pautermachine,,,32.595417,-117.0676575,Brian,Pauter,V. P,brian@pauter.com
Peacock Tool & Engineering,9135 Harness St,Spring Valley,CA,91977,United States,(619) 698-6811,http://peacocktool.com/contact.html,caitlin.w@peacocktool.com,Catch-all,Machine shop,"Peacock Tool & Engineering strives to be a leader in aerospace manufacturing and in the community as a company that provides valuable, meaningful employment to individuals while expanding our customer base to include various aerospace customers in order to maintain long-term viability in the aerospace manufacturing industry.",2,https://www.linkedin.com/company/j.w.-peacock-&a;-son-inc,,,,,32.7176323,-117.0030441,Chad,Heatherly,"Manager, Accounting",chad.h@peacocktool.com
Proto Solutions & Machining,9020 Kenamar Dr,San Diego,CA,92121,United States,(858) 939-1022,https://www.proto-solutions.com/,info@proto-solutions.com,Catch-all,Machine shop,"Proto Solutions and Machining was acquired by SemperForge, Inc. on May 2018. Proto Solutions operates as a DBA of SemperForge, Inc. Proto Solutions is a US-based company that focuses on low-volume, high-quality prototyping and machining. Our creations are proudly fabricated locally in San Diego, CA.",7,https://www.linkedin.com/company/protosolutions,,,,,32.8862457,-117.1564941,,,,
Q & V Machines,9030 Kenamar Dr,San Diego,CA,92121,United States,(858) 695-9032,https://qandvmachines.com/,quotes@qandvmachines.com,Valid,Machine shop,"Q&V Machines is a premier machine shop specializing in precision CNC machining, prototypes, and production services. They leverage advanced technology and a skilled team of machinists to deliver high-quality parts tailored to customer requirements across various materials and scales.",8,https://www.linkedin.com/feed,https://www.facebook.com/quality.value.37,,https://www.instagram.com/valuequality,,32.8869133,-117.1570053,,,,
Q3-cnc,9091 Kenamar Dr,San Diego,CA,92121,United States,,https://www.q3cnc.com/index.html,dtrainor@q3cnc.com,Catch-all,Machine shop,Q3-CNC has been providing quality machined products since our founding in 1998. It is our desire to establish a high precision machine shop which will meet all of our customers expectations. We will strive to turn out the highest Quality parts possible.,<25,https://www.linkedin.com/company/q3-cnc-inc,,,,,32.888813,-117.1546555,,,,
Quality Controlled Manufacturing Inc,9429 Abraham Way,Santee,CA,92071,United States,(619) 443-3997,https://qualitycontrolledmanufacturinginc.com/,,,Machine shop,"At Quality Controlled Manufacturing, Inc. we believe we are the nations leading precision machining manufacturer of complex components and assemblies. This achievement is due to our skilled, dedicated and fine employees. The pride we have in our company, our products and the service we provide to our customers is the reason we have grown exponentially since 1978.",87,https://www.linkedin.com/company/quality-controlled-manufacturing-inc.,,,,,32.8480873,-116.9631119,,,,
R J Machine Inc,7985 Dunbrook Rd,San Diego,CA,92126,United States,(858) 547-9482,https://www.rjmachine.net/,jonathan@rjmachine.net,Valid,Machine shop,"RJ Machine Inc., established in 1998 and located in San Diego, specializes in precision machining and smart manufacturing solutions. With expertise in working with various materials, including titanium and high-temperature alloys, they utilize advanced CNC turning and milling machines for complex parts.",17,,,,,,32.8940544,-117.149559,Jonathan,Jackson,,jonathan@rjmachine.net
Raymond’s Automotive Machine,1467 N Magnolia Ave,El Cajon,CA,92020,United States,(619) 251-7776,,,,Machine shop,,,,,,,,32.8177109,-116.9617081,,,,
Rdr Machine Inc,2180 Chablis Ct,Escondido,CA,92029,United States,(760) 489-7899,https://www.rdrmachine.com/,,,Machine shop,"RDR Machine, Inc. specializes in the development and manufacturing of wire coloring and handling machines, offering a variety of products including the Custom CodeMaster, Econo-Striper, and immersion applicators. With over 35 years of experience, the company provides high-quality, efficient machines designed for in-line coloring and striping of wire.",6,https://www.linkedin.com/company/rdr-machine-inc,,,,,33.1106682,-117.1163025,,,,
Rem Machine,1488 Pioneer Way,El Cajon,CA,92020,United States,,,,,Auto repair,,,,,,,,32.8154564,-116.9684296,,,,
Robotek,2101 Wilson Ave,National City,CA,91950,United States,(858) 366-3061,https://www.robotekusa.com/,robotekusa@gmail.com,Valid,Machine shop,"Robotek industrial product design, manufacturing, and service solutions precision tailored for todays high-tech industrial workplace.",<25,,,,,,32.6630821,-117.1073608,,,,
Rsr Precision Machine,10020 Prospect Ave,Santee,CA,92071,United States,(619) 448-6848,,,,Machine shop,,,,,,,,32.8320122,-116.9791031,,,,
Senior Aerospace Jet Products,9106 Balboa Ave,San Diego,CA,92123,United States,(858) 278-8400,https://jetproducts.com/,sales@jetproducts.com,Catch-all,Machine shop,"Since then it has evolved into a unique blend of near net shaped material production to support an ever-growing family of sophisticated machined and assembled parts. Major markets for current production are airframe structural rings and assemblies, including the nacelle and thrust reverser, and a variety of rings and cases for turbine engines.",25,https://www.linkedin.com/company/jetproducts-llc,https://www.facebook.com/jetproductsllc,,,,32.8228073,-117.1337128,Chris,Smith,"Director, Business Development",csmith@jetproducts.com
Smith Brothers Manufacturing Corporation,5304 Banks St,San Diego,CA,92110,United States,(619) 296-3171,https://smithbrosmfg.com/,,,Machine shop,Smith Bothers Manufacturing | Machining and Electrodes,,,,,,,32.7645416,-117.1994705,,,,
Socal Suspension,275 N Marshall Ave,El Cajon,CA,92020,United States,(619) 865-0121,https://socal-suspension.com/,,,Auto repair,"SoCal Suspension is a specialized suspension shop located in San Diego, California, focusing exclusively on suspension-related services. With over 30 years of experience, they offer a range of services including air suspension installation, lift kits, lowering kits, and wheel alignment, ensuring high-quality, detail-oriented care for their clients.",21,https://www.linkedin.com/company/socal-suspension-san-diego,https://www.facebook.com/SoCal-Suspension-104859082903107,https://teraflex.com,https://www.instagram.com/socaleric__,,32.7966576,-116.9753113,,,,
Specialty Seals & Accessories,724 B Ave,National City,CA,91950,United States,(619) 477-7338,http://www.ssausa.com/,,,Machine shop,"Specialty Seals & Accessories Inc is a company that operates in the Machinery industry. It employs 1-5 people and has $1M-$5M of revenue. The company is headquartered in National City, California.",<25,,,,,,32.6767578,-117.1053467,,,,
Sunny Cnc Machining Inc.,8835 Production Ave,San Diego,CA,92121,United States,(858) 206-0673,,,,Machine shop,,,,,,,,32.8846092,-117.1646118,,,,
Tackett Machine,1050 Pioneer Way,El Cajon,CA,92020,United States,(619) 596-1106,,,,Machine shop,,,,,,,,32.810276,-116.9687653,,,,
True Position Machining,246 Denny Way,El Cajon,CA,92020,United States,(619) 258-2501,,,,Machine shop,,,,,,,,32.8207588,-116.9645767,,,,
Vinatech Engineering,7747 Formula Pl,San Diego,CA,92121,United States,(858) 635-9655,https://www.vinatechinc.com/,an@vinatechinc.com,Valid,Machine shop,"VINATECH ENGINEERING INC is a company based out of 7747 FORMULA PL, SAN DIEGO, California, United States.",3,https://www.linkedin.com/company/vinatech-engineering-inc,,,,,32.8874512,-117.1536102,Areial,Land,,areial@vinatechinc.com
Weldmac Manufacturing Co,1451 N Johnson Ave,El Cajon,CA,92020,United States,(619) 440-2300,https://weldmac.com/,info@weldmac.com,Valid,Machine shop,"Weldmac Manufacturing Co. is a metal fabrication company specializing in precision assemblies. It offers fabricators of precision metal assemblies for aerospace and other industries. The company was formed in 1968 and is headquartered in El Cajon, California.",75,https://www.linkedin.com/company/weldmac-manufacturing-company,,,,,32.8156853,-116.9709244,Lorraine,Strachota,Quality Supervisor,lstrachota@weldmac.com