﻿Business,Street,City,State,Postcode,Country,Phone,Website,Email,Email Type,Categories,Description,Employees,Linkedin,Facebook,X,Instagram,Youtube,Lat,Lng,Contact First Name,Contact Last Name,Contact Role,Contact Email
Abe Precision,10 Mclaren E,Irvine,CA,92618,United States,(949) 916-0220,https://www.abeprecision.com/,info@abeprecision.com,Valid,"Machine shop, Machining manufacturer, Manufacturer, Metal finisher",ABE PRECISION INC | Manufacturing and deburring services,,,https://www.facebook.com/abeprecision,,,,33.6343018,-117.7180887,,,,
Addtac Manufacturing,9721 Irvine Center Dr,Irvine,CA,92618,United States,(949) 418-9017,https://www.addtacmfg.com/,osxbntt@yahoo.com,Catch-all,"Machine shop, Manufacturer, Mold maker, 3D printing service","ADDTAC is a leading manufacturing company based in Irvine, CA and established in 2019. We specialize in metal 3D printing and CNC services, providing cutting-edge solutions to meet the manufacturing needs of our clients. With a passion for innovation and advanced technology, ADDTAC has become a trusted name in the industry.",1,https://www.linkedin.com/company/addtac-manufacturing,,,https://www.instagram.com/addtacmfg,,33.6330411,-117.7308644,,,,
Aimco Engineering,53 Mirador,Irvine,CA,92612,United States,(949) 509-7200,https://www.aimcoeng.com/home,jsaphir@aimcoeng.com,Catch-all,Machine shop,"Aimco Engineering, Inc. is a company that is currently in the process of launching its website. While specific details about their products and services are not available, they are likely involved in engineering solutions. The intended clients for Aimco Engineering, Inc.",2,https://www.linkedin.com/company/aimco-engineering-inc,https://www.facebook.com/wix,https://www.x.com/wix,,,33.6487485,-117.7998644,Jacob,Saphir,Office Manager,jsaphir@aimcoeng.com
American Hydro Vac Equipment Inc,,Irvine,CA,92623,United States,(949) 515-3481,,,,Machine shop,,,,,,,,33.6845927,-117.8318995,,,,
Barrot Corporation,1881 Kaiser Ave,Irvine,CA,92614,United States,(949) 852-1640,http://www.barrotcorporation.com/cncturning.html,info@barrotcorp.com,Valid,Machine shop,Welcome to Barrot Corp,,,,,,,33.692981,-117.847107,,,,
Brasstech Machine Shop,311 E Alton Ave,Santa Ana,CA,92707,United States,(714) 556-1345,,,,Machine shop,,,,,,,,33.705599,-117.86398,,,,
Campbell Engineering Inc.,20412 Barents Sea Cir,Lake Forest,CA,92630,United States,(949) 859-3306,https://www.campbellcnc.com/,,,Machine shop,"Campbell Engineering Inc. is a family-run, ISO 9001 certified CNC machining business that specializes in high precision production MILLING, TURNING, WIRE EDM, and ASSEMBLY work made from but not limited to Plastic, Aluminum, and Stainless Steels. Campbell Engineering proudly serves a multitude of clients in various industries including Medical, Laser, Electronic and Sensor Technology.",21,https://www.linkedin.com/company/campbellcnc,,,https://instagram.com/campbellengineeringinc,,33.6660214,-117.6789982,,,,
Camtech Corporation,8750 Research Dr,Irvine,CA,92618,United States,(949) 263-8911,https://www.camtechcorp.com/,tcrawford@camtechcorp.com,Valid,"Manufacturer, Machine shop","Camtech, founded in 1982, is located in Irvine, California. We are a state-of-the-art, AS9100 Registered, critical component manufacturer specializing in complex 3,4 and 5 axis machining of critical components for:

 Aerospace Products 
 Medical Products 
 Complex Industrial Products 
 Assembly 

Working in stainless steel, cobalt and titanium alloys, as well as all the aircraft grade aluminum alloys, gives us a diverse view of many different programs.",16,https://www.linkedin.com/company/camtech-llc,,,,,33.6434555,-117.739624,Debbie,Brooks,Human Resources Manager,dbrooks@camtechcorp.com
China Manufacturing Network,17891 Sky Park Cir # K,Irvine,CA,92614,United States,(949) 756-0015,,,,Machine shop,,,,,,,,33.6913818,-117.859302,,,,
"Complete Grinding Solutions, Llc",18 Technology Dr Suite 125,Irvine,CA,92618,United States,,https://www.completegrindingsolutions.com/,info@cgs-us.com,Valid,Machine shop,"Complete Grinding Solutions is a machinery company based out of 219 S Pioneer Blvd # A, Springboro, Ohio, United States.",4,https://www.linkedin.com/company/complete-grinding-solutions,,,,,33.6527314,-117.7374942,,,,
Connelly Machine Works,420 Terminal St,Santa Ana,CA,92701,United States,(714) 558-6855,https://www.connellymachine.com/,aurora@connellymachine.com,Valid,Machine shop,"Connelly Machine Works, Inc. is a certified and ITAR registered company established in 1946, specializing in maintenance and manufacturing support across various sectors including aerospace, medical systems, and industrial engineering. The company is known for its outstanding workmanship and responsiveness, equipped with a comprehensive range of standard and specialized tools to meet diverse customer needs.",31,https://www.linkedin.com/company/connelly-machine-works,,,,,33.7488011,-117.8549592,Bryan,Coronado,Aerospace Account Manager,bryan@connellymachine.com
Ctc Global,17842 Cowan,Irvine,CA,92614,United States,(949) 428-8500,https://ctcglobal.com/,careers@ctcglobal.com,Valid,Machine shop,"Founded in 2003 and headquartered in Irvine, California, CTC Global Corporation is a company that developed ISO certified manufacturing techniques and tooling to allow the continuous production of the pultruded composite core.",500,https://www.linkedin.com/company/ctc-global,https://www.facebook.com/CtcGlobal,https://x.com/CTC_ACCC,,https://www.youtube.com/@ctcglobal,33.6948907,-117.864172,Gus,Hurtado,"Director, Planning and Logistics Operations",ghurtado@ctcglobal.com
"Custom Machining Service, Inc",23641 Ridge Rte Dr,Laguna Hills,CA,92653,United States,,https://custommachiningservice.com/,info@custommachiningservice.com,Valid,Manufacturer,"CMS has provided high quality manufacturing and machining services since 1982. Our CNC machine shop features a variety of precision equipment that allows us to accommodate any volume of milling, turning, assembly and tooling demands. We deliver high quality, precision components and assemblies on time and at a fair price.",<25,https://www.linkedin.com/company/optical-development-company,,,https://www.instagram.com/custom_machining_service,,33.6215102,-117.719239,Richard,Deatherage,Owner,deatherage@customcrimp.com
D & A Machine Shop,2021 S Eastwood St Ste F,Santa Ana,CA,92705,United States,(714) 557-1727,,,,Machine shop,,,,,,,,33.719996,-117.851271,,,,
Dk Precision Machining Inc.,1946 Blair Ave,Santa Ana,CA,92705,United States,(949) 633-4899,https://www.dkprecisionmachining.com/,dkprecisionmachining@gmail.com,Valid,Machine shop,Home | Mysite,,,https://www.facebook.com/dkprecisionmachining,https://wix.com,https://www.instagram.com/dk_precision_machining,,33.7049073,-117.8477416,,,,
Engine Components & Machine,1619 E Wilshire Ave,Santa Ana,CA,92705,United States,(714) 547-4113,,,,"Engine rebuilding service, Auto parts store",,,,,,,,33.7317079,-117.8469236,,,,
Fitness Machine Technicians,2323 Main St Unit D12,Irvine,CA,92614,United States,(877) 368-3247,https://fitnessmachinetechnicians.com/orange-county/,web@fitnessmachinetechnicians.com,Valid,Repair service,"Fitness Machine Technicians specializes in the repair and preventive maintenance of fitness equipment, serving both residential and commercial clients. Their services include treadmill, elliptical, exercise bike, and cable machine repairs, as well as assembly and commercial installations.",16,https://www.linkedin.com/company/10380393,https://www.facebook.com/fitnessmachinetechnicians,,,,33.68428,-117.8459147,D'shone,Swiney,Business Owner at Fitness Machine,dswiney@fitnessmachinetechnicians.com
Gbf Enterprises,2709 S Halladay St,Santa Ana,CA,92705,United States,(714) 979-7131,https://www.gbfenterprises.com/contact-directions/,candi@gbfenterprises.com,Catch-all,Manufacturer,"Precision Machining, minor assembly. 1/8 rd to 20cube. large format machining 5 x 12 KOMO router. Mill turn 15 x 40 round, 4 barstock including follow rest for shafts. All machines in cells for 1 piece flow. Just adding a Yasda P30Xi 5-axis 33 pallet 323 tool machine.",3,https://www.linkedin.com/company/g.b.f.-enterprises-inc.,https://www.facebook.com/pages/GBF-Enterprises-Inc/126406354038096,,,https://www.youtube.com/channel/UC_CoqgS7OYEPK48z9G_Vpsw,33.7096282,-117.8588063,Chuck,Turmell,V.p. Sales - Operations,cturmell@gbfenterprises.com
"General Tool, Inc.",2025 Alton Pkwy,Irvine,CA,92606,United States,(949) 261-2322,http://www.gtdiamond.com/,info@gtdiamond.com,Catch-all,"Manufacturer, Construction material wholesaler, Tool manufacturer","General Tool is a privately-owned diamond tool manufacturing company headquartered in Irvine, California. Since the company was established in 1984, our goal has been to provide high-quality diamond tools and the best customer service in the industry.",94,https://www.linkedin.com/company/general-tool,,,,,33.6954817,-117.8407686,Jae,Kim,Sales Representative,jae.kim@gtdiamond.com
Graphtec America Inc,17462 Armstrong Ave,Irvine,CA,92614,United States,(949) 770-6010,https://www.graphtecamerica.com/,service@graphtecamerica.com,Catch-all,Manufacturer,"Graphtec America produces vinyl cutters, color label printers, scanners intelligent recording instruments, and data acquisition systems. They are headquartered in Irvine, California.",23,https://www.linkedin.com/in/graphtec-america-inc-undefined-ba5a32395,https://www.facebook.com/Graphtec-America-667825166737645,https://x.com/Graphtec,https://www.instagram.com/graphteca,https://www.youtube.com/channel/UCi-q0sFG1VebYNQNks9H-7w,33.6908597,-117.8482632,Kokichi,Takahama,Ceo,ktakahama@graphtecamerica.com
J.f. Machining L.l.c,1121 E Wakeham Ave Suite J,Santa Ana,CA,92705,United States,(714) 495-6665,,,,Machine shop,,,,,,,,33.7381359,-117.8535048,,,,
Jaden's Mobile Automotive Repair,13151 Lemon Leaf Ln,Santa Ana,CA,92705,United States,,http://jadencdoumani75.wixsite.com/mysite,,,"Auto machine shop, Mechanic",,,,,,,,33.7713487,-117.793936,,,,
Kappa Engineering Technologies,23112 Alcalde Dr Suite B,Laguna Hills,CA,92653,United States,(949) 501-8973,https://www.kappatechs.com/,info@kappatechs.com,Valid,Machine shop,Home - KAPPA Engineering Technologies,,,,,,,33.6225089,-117.726937,,,,
Maxtek Usa,18100 Von Karman Ave #850,Irvine,CA,92612,United States,(949) 627-4777,,,,Machine repair service,,,,,,,,33.6776789,-117.8506491,,,,
"Pacific Industrial Supply Co., Inc.",1632 Mcgaw Ave,Irvine,CA,92614,United States,(714) 540-7122,https://www.pacificindustrialsupply.com/,sales@pacificindustrialsupply.com,Valid,Tool store,"Since 1967, Pacific Industrial Supply has been serving Southern California as a full-line industrial distributor. During that span of time, we have built an organization that continually strives to be second to none in the quality of service we offer our customers.",37,https://www.linkedin.com/company/pacific-industrial-supply.-inc.,https://www.facebook.com/PacIndSupCo,https://www.x.com/pacindustrial,,,33.6957674,-117.8499642,John,Wright,Owner / Operator,jwright@pacificindustrialsupply.com
"Pacific Jig Grinding, Inc.",9269 Research Dr,Irvine,CA,92618,United States,(949) 453-1555,https://pacjig.com/,john@pacjig.com,Catch-all,Machine shop,"Pacific Jig Grinding, Inc specializes in custom 4-axis CNC jig grinding services, serving clients from various industries such as aerospace, mold making, and medical. With over 30 years of experience, the company, located in Irvine, California, focuses on delivering high-quality and affordable precision grinding solutions tailored to customer needs.",5,https://www.linkedin.com/company/pacific-jig-grinding-co,,,,,33.637987,-117.734639,John,Parker,President,john@pacjig.com
Precision Molding & Cnc Machining | Procurement Manufacturing,17842 Irvine Blvd,Tustin,CA,92780,United States,(714) 783-7141,,,,Machine shop,,,,,,,,33.7479796,-117.8204961,,,,
Premier Machining Inc.,Musick Honor Farm Rd 25,Irvine,CA,92618,United States,(949) 837-6487,https://www.premier-machining.com/,info@premier-machining.com,Valid,"Machine shop, Machinery parts manufacturer","Premier Machining is a mechanical or industrial engineering company based out of 25 Musick, Irvine, CA, United States.",27,https://www.linkedin.com/company/premier-machining,,,,,33.6625535,-117.7051265,Lucky,Sokhi,President,lucky@premier-machining.com
Protool Co.,14771 Myford Rd Suite D,Tustin,CA,92780,United States,(714) 544-0708,http://www.protoolco.com/,protool@protoolco.com,Catch-all,Machine shop,Protool Co is an ISO 9001:2015 certified company that specializes in manufacturing components. They focus on delivering products on time to meet their clients&s; needs. The company&s;s services likely include providing sample parts and custom solutions.,6,https://www.linkedin.com/company/bernhardt-&a;-bernhardt-inc.-dba-protool-company,,,,,33.711641,-117.8044901,,,,
Pts Machinery,4790 Irvine Blvd,Irvine,CA,92620,United States,(949) 246-2978,http://www.ptsmachinery.com/contact.html,gary@ptsmachinery.com,Valid,Machine shop,Website Disabled,,,,,,,33.7123241,-117.7613241,,,,
Rexmotion,17779 Main St Ste D,Irvine,CA,92614,United States,(714) 698-4639,https://www.rexmotion.com/,ron@rexmotion.com,Valid,"Machine shop, Laser cutting service, Machining manufacturer, Metal fabricator, Metal machinery supplier","Rexmotion cnc sells industrial cnc router for wood, plywood, plastic, and aluminum. CNC router for sheets and panels. 4x8 cnc routers are our best sellers. Auto tool change cnc router machines. We ship nationwide from California.",,,https://www.facebook.com/wix,,https://www.instagram.com/rexmotioncncusa,http://youtube.com/@Rexmotioncnc,33.6870831,-117.8582203,,,,
Reyes Coca-cola Bottling,4 Park Plaza #2000,Irvine,CA,92614,United States,(949) 250-5961,https://www.coca-colacompany.com/,,,"Manufacturer, Vending machine supplier","The CocaCola Company is a multinational beverage corporation headquartered in Atlanta, Georgia, USA. Established in 1886, the company is best known for its flagship product, Coca-Cola, but its portfolio includes more than 500 brands. These range from sparkling beverages to still drinks such as waters, juices, energy drinks, teas, and coffee.","69,700",https://www.linkedin.com/company/the-coca-cola-company,https://www.facebook.com/TheCocaColaCo,https://www.x.com/cocacolaco,https://www.instagram.com/TheCocaColaCo,https://www.youtube.com/user/CocaColaCo,33.6782262,-117.8378283,,,,
Shr Precision Machining Llc,14661 Myford Rd Ste B,Tustin,CA,92780,United States,(714) 556-0568,https://www.shrpm.com/,,,Machine shop,"George has a strong passion for working with his hands that quickly translated to the machining industry. He always values stern attention to detail, strong cash money management, family integrity, and hard work. This was most exemplified from his early youth where he served as an Army truck driver, academy trained truck mechanic, and German tool maker.",6,https://www.linkedin.com/company/shr-precision-machining-llc,https://www.facebook.com/shr-precision-machining-llc-484991191651128,,,,33.7124842,-117.8041695,,,,
Tela Engineering Inc,17965 Sky Park Cir # G,Irvine,CA,92614,United States,(949) 756-8910,https://telaengineering.com/,gustavo@telaengineering.com,Valid,"Machine shop, Medical equipment manufacturer","Tela Engineering Inc. is an ISO 9001:2015 certified company that specializes in manufacturing precision components for various industries including medical, automotive, aerospace, and electronics. They leverage state-of-the-art equipment and a skilled workforce to deliver innovative solutions.",6,,,,,,33.6892253,-117.8613938,Fernando,Tela,Owner,fernando@telaengineering.com
Toosky Engineering Models,2650 Walnut Ave,Tustin,CA,92780,United States,,https://site-1852699-9942-8211.mystrikingly.com/,sales@bigrranch.com,Valid,Machine shop,"Strikingly is a user-friendly website and store builder designed for entrepreneurs and creatives, enabling them to create beautiful, mobile-friendly websites without any coding or design skills. The platform offers a range of features including e-commerce functionality, customizable templates, and built-in analytics, making it easy for users to manage their online presence.",12,https://www.linkedin.com/company/dine-with-us,https://facebook.com/strikingly,https://x.com/Strikingly,https://www.instagram.com/striking.ly,,33.7144764,-117.8088412,,,,
Uci Fabworks,,Irvine,CA,92697,United States,,https://manufacturing.uci.edu/fabworks/,research@mind.uci.edu,Catch-all,"Makerspace, Laser cutting service, 3D printing service","The University of California, Irvine (UCI) is a public research university founded in 1965 and located in Irvine, California. As a member of the prestigious University of California system, UCI offers comprehensive undergraduate, graduate, and professional education across numerous academic disciplines.","20,420",https://www.linkedin.com/school/university-of-california-irvine,https://www.facebook.com/UCIrvine,https://x.com/ucirvine,https://instagram.com/ucirvine,https://www.youtube.com/user/ucirvine,33.6447171,-117.8411478,Ieee,Uci,Engineering Student Organization at University of,ieee@uci.edu
Us Tool & Die Machine Shop - Orange County,23274 Del Lago Dr,Laguna Hills,CA,92653,United States,(949) 454-9858,https://www.ustooldie.com/,info@ustooldie.com,Catch-all,"Machine shop, Manufacturer, Tool & die shop, Tool manufacturer, Welder",US tool & Die website,,,,,,,33.6242338,-117.7264507,,,,
Viking Products Inc,20 Doppler,Irvine,CA,92618,United States,(714) 540-5583,,,,Machine shop,,,,,,,,33.637535,-117.7379787,,,,
3 Con Precision,1400 E Saint Andrew Pl,Santa Ana,CA,92705,United States,,,,,Machine shop,,,,,,,,33.7227173,-117.8519058,,,,
3d Concepts Mfg,1403 E Edinger Ave,Santa Ana,CA,92705,United States,,,,,Machine shop,,,,,,,,33.7272758,-117.8518143,,,,
A.m.i. Engineering Co. Llc.,S Halladay St,Santa Ana,CA,92701,United States,(714) 668-0113,https://www.ami-eng.com/,egiokai@ami-eng.com,Unknown,Machine shop,"A.M.I. Engineering specializes in the production of critical aerospace components for major industry players such as Boeing and Honeybee Robotics. With over 20 years of experience, the company provides services in assemblies, prototype development, production, and contract machining.",12,https://www.linkedin.com/company/a-m-i-engineering,,,,,33.7106171,-117.8592529,Enver,Giokai,Founder & President,egiokai@ami-eng.com
Abc Automation Solutions,22961 Triton Way,Laguna Hills,CA,92653,United States,(949) 374-6997,https://abcautomationsolutions.com/,info@abcautomationsolutions.com,Valid,Machine shop,"ABC Automation Solutions is a manufacturer of automation systems for various industries, offering turnkey solutions designed and produced in-house. With over 35 years of experience, they provide reliable and affordable automation services, encompassing the complete project cycle from design to delivery.",3,,,,,,33.6286697,-117.733429,,,,
Abellas Cnc Corp.,1945 E Deere Ave,Santa Ana,CA,92705,United States,,https://www.abellascorp.com/,,,Machine shop,"Abellas CNC is a precision manufacturer located in Santa Ana, California.
Since 2015, we have served the semiconductor, medical, and food and packaging industries. From multinational corporations to local small businesses, we have met the stringent demands of numerous customers for precision machined components.",3,,,,,,33.7044907,-117.8477707,,,,
Acme Tool Grinding,416 N Santa Fe St,Santa Ana,CA,92701,United States,(714) 979-3145,https://acmetoolca.com/,,,Machine shop,Ac,7,,,,https://www.instagram.com/acmetoolgrinding,,33.7489014,-117.8540726,,,,
Aerospace Engineering Llc,2141 S Standard Ave,Santa Ana,CA,92707,United States,(714) 641-5884,http://www.karman-aec.com/,brenda.ramirez@karman-sd.com,Catch-all,Machine shop,Relentlessly pushing the boundary of possibility with concept-to-production solutions for Defense and Space missions.,,https://www.linkedin.com/company/karman-space-defense,,https://x.com/karman_spacedef,https://www.instagram.com/karman_spacedef,https://www.youtube.com/channel/UCKqu80QhF3AA1PDJ5v6xiqQ,33.7182236,-117.856163,,,,
Axis Product Development,633 Young St,Santa Ana,CA,92705,United States,(800) 864-5457,https://www.axisproductdevelopment.com/,sales@axisproductdevelopment.com,Valid,Machine shop,"Axis Product Development is dedicated to YOUR success. From prototyping to production services, we will be there for you every step of the way. Our team of dedicated engineers, machinists, inspectors, and customer representatives work hard to ensure that you are 100% satisfied.",6,https://www.linkedin.com/company/axis-product-development,,,,,33.7109833,-117.8582306,Richard,Stafford,Manager of Business Development,rstafford@axisproductdevelopment.com
"B & F Modern Manufacturing, Inc.",2275 Grand Ave,Santa Ana,CA,92705,United States,(714) 540-1158,https://bnfmanufacturing.com/,aerospacewebsites@gmail.com,Valid,Machine shop,B&F Modern Manufacturing Inc. is AS9100D certified we offer 30 years of combined experience in the engineering and manufacturing industry. We are leaders in the manufacturing and precision machining of metal and composites for top companies who trust their solid reputations to us.,,https://www.linkedin.com/company/b-&-f-modern-manufacturing-inc.,,,,,33.7168121,-117.8506012,,,,
B&d Innovative Tools,1416 Ritchey St,Santa Ana,CA,92705,United States,(714) 742-0520,https://www.banddtools.net/,pdrtools1@gmail.com,Valid,Machine shop,"B&D Innovative Tools is a top leading pdr paintless dent repair removal tools manufacturer. PDR Paintless Dent Repair Removal Tools are used in process for removing dents, dings, and hail damage from automobiles. Whether professional or new to the craft we know that your tools are more than gear, theyre your livelihood.",<25,https://www.linkedin.com/company/b-&-d-tools-inc,https://www.facebook.com/banddtools,https://www.x.com/banddtools,,,33.7294769,-117.8417435,,,,
Bcn,1301 E Chestnut Ave,Santa Ana,CA,92701,United States,(714) 569-1088,,,,Machine shop,,,,,,,,33.7430382,-117.8517075,,,,
Bel Air Machining Co,151 E Columbine Ave,Santa Ana,CA,92707,United States,(714) 953-6616,https://www.belairmachine.com/,info@belairmachine.com,Valid,Machine shop,"BELAIR MACHINE is a precision machining and manufacturing company that provides comprehensive services primarily to clients in the medical, aerospace, automotive, and military sectors. With over 35 years of experience and AS9100D certification, they emphasize exceptional quality and customer service through value-added solutions and ongoing partnerships.",20,https://www.linkedin.com/company/bel-air-machining-co,,,,,33.7039566,-117.8669815,Ali,Ossaily,President,ali@belairmachine.com
Bigrentz,3333 Michelson Dr,Irvine,CA,92612,United States,(888) 242-4715,https://www.bigrentz.com/,supply@bigrentz.com,Valid,Machine & tool rentals,"BigRentz is an online construction equipment rental marketplace. BigRentz is leading the equipment rental industry by using innovative technology to streamline the rental process for both the customer and equipment rental partners. For our customers, we simplify the procurement and logistics challenges of renting construction equipment.",249,https://www.linkedin.com/company/bigrentz-com,https://www.facebook.com/BigRentz,https://x.com/BigRentz,https://www.instagram.com/bigrentz,,33.6725388,-117.8439255,Taylor,Roof,"Manager, Risk Mitigation",taylor.roof@bigrentz.com
Bruce & Matthew Car,1960 Blair Ave,Santa Ana,CA,92705,United States,(949) 251-9048,,,,Machine shop,,,,,,,,33.7048988,-117.8475647,,,,
California Bevel Gear,1632 E Wilshire Ave,Santa Ana,CA,92705,United States,(714) 261-7992,http://cabevelgear.com/,,,Machine shop,"California Bevel Gear opened its doors in 2004 after nearly 20 years of industry service by its proprietor, Thomas Nguyen. Thomas has been manufacturing bevel gears since 1986 and has since serviced an abundance of industries. His long term and distinguished team has been working with him for over a decade and has accumulated over 80 years of combined industry knowledge and experience.",2,https://www.linkedin.com/company/california-bevel-gear,,,,,33.7312698,-117.8457794,,,,
Capitol Machine Co,1642 E Edinger Ave,Santa Ana,CA,92705,United States,(714) 541-2652,,,,Machine shop,,,,,,,,33.7251854,-117.8461227,,,,
Choice Calibration,17411 Irvine Blvd,Tustin,CA,92780,United States,(714) 730-1670,,,,Machine shop,,,,,,,,33.7484703,-117.8284225,,,,
Critical Operations Inc,1707 Boyd St,Santa Ana,CA,92705,United States,(714) 258-8544,http://www.criticalop.com/,,,Machine shop,"CRITICAL OPERATIONS, INC.",,,,,,,33.724968,-117.8377762,,,,
"Cycle Tek Mfg., Inc.",1320 E Saint Andrew Pl,Santa Ana,CA,92705,United States,(949) 532-9621,,,,Machine shop,,,,,,,,33.7227364,-117.8528748,,,,
Dc Precision Co,1720 S Santa Fe St,Santa Ana,CA,92705,United States,(714) 662-7620,https://www.dcprecisionco.com/,sales@dcprecisionco.com,Valid,Machine shop,,,,,,,,33.7248344,-117.853775,,,,
Dce Engineering,1616 E Wilshire Ave,Santa Ana,CA,92705,United States,(714) 803-9379,,,,Machine shop,,,,,,,,33.7311363,-117.8472214,,,,
Duval Precision Grinding,1700 Newport Cir,Santa Ana,CA,92705,United States,(714) 546-9439,https://duvalprecisiongrinding.com/,contact@duvalprecisiongrinding.com,Catch-all,Machine shop,"Located in Santa Ana, CA, Duval Precision Grinding is a precision machine shop specializing in high-tolerance grinding services, including Internal Diameter, Outer Diameter, Bevel Gear, and Rotary Face Grinding. We proudly serve the aerospace, defense, and industrial sectors, with a proven track record supporting industry leaders such as SpaceX, Blue Origin, and Honeywell.",1,,,,,,33.7179527,-117.8450699,,,,
Harry's Machine & Repair,1538 E Chestnut Ave,Santa Ana,CA,92701,United States,(714) 667-1063,,,,Machine shop,,,,,,,,33.7423897,-117.8466568,,,,
Helfer Tool Co,3030 Oak St,Santa Ana,CA,92707,United States,(714) 557-2733,https://www.helfertool.com/,ben@helfertool.com,Unknown,Machine shop,"Helfer Tool Company specializes in custom precision cutting tools, including Swiss tooling, cutters, reamers, and various grinding services. With over forty years of experience, they are recognized for high quality and close tolerances, serving industries such as automotive, aerospace, electronics, and medical.",23,https://www.linkedin.com/company/helfer-tool,,,,,33.7065697,-117.863533,,,,
High Speed Machine,807 Cedar St,Santa Ana,CA,92701,United States,(714) 866-6263,,,,Machine shop,,,,,,,,33.7377892,-117.8584442,,,,
"Hogin Machine, Inc.",1215 Glenwood Pl,Santa Ana,CA,92707,United States,(714) 754-1340,https://www.hoginmachine.com/,jennhogin@hoginmachine.com,Valid,Machine shop,"Hogin Machine, Inc. manufactures quality parts and assemblies to your specifications using an extensive line of equipment including: 
•CNC Milling 2-5 axis
•CAD CAM
•Multitasking turning centers with milling 2-9 axis
•CNC Waterjet cutting
•400 ton press brake
•Welding and fabrication",9,https://www.linkedin.com/company/hogin-machine-inc-,https://www.facebook.com/hogin-machine-inc-283240045146342,https://www.x.com/hoginmachine,,,33.7217331,-117.8556061,Jim,Hogin,President,jimhogin@hoginmachine.com
Ic Machine & Mfg Precison Machining,3034 Kilson Dr,Santa Ana,CA,92707,United States,,,,,Machine shop,,,,,,,,33.705925,-117.8623428,,,,
"Industrial Tool And Die, Inc.",1330 E Saint Gertrude Pl,Santa Ana,CA,92705,United States,(714) 549-1686,https://www.itdinc.us/,info@itdinc.us,Valid,Machine shop,"INDUSTRIAL TOOL & DIE, INC. is a company based out of 1330 E. ST. GERTRUDE PLACE, SANTA ANA, California, United States.",5,https://www.linkedin.com/company/industrial-tool-&-die-inc.,,,,,33.7194443,-117.8524475,,,,
J C Machine & Manufacturing,3034 Kilson Dr,Santa Ana,CA,92707,United States,(714) 662-6952,https://www.jcmachineshop.com/,,,Machine shop,"AISC-Certified Manufacturer of Custom; Heavy Machinery, Equipment, Spare Parts and Structural Steel for Industries such as; Moveable Bridges, Overhead Highway Sign Structures, Mining, Locks/Dams, Cement and Sugar to Include; Engineering/Shop Drawings, Machine Shop, Metal Fabrication, Custom Gearing, Structural Steel Fabrication & Installation, Component Assembly, Blasting/Painting and Testing.",11,https://www.linkedin.com/company/jcmachineworks,https://www.facebook.com/jcmachineworks,,,,33.705925,-117.8623428,Hugo,Pena,Project Manager,hugop@jcmachineshop.com
J R Tool Grinding,128 E Dyer Rd,Santa Ana,CA,92707,United States,(714) 435-9055,,,,Machine shop,,,,,,,,33.7075386,-117.8663864,,,,
Jayco Engineering,1968 E Mcfadden Ave,Santa Ana,CA,92705,United States,(714) 540-7200,,,,Machine shop,,,,,,,,33.732708,-117.8392792,,,,
Jerry's Broken Drill And Tap Removal,1018 E Chestnut Ave,Santa Ana,CA,92701,United States,(714) 836-6824,https://brokentap.com/,,,Machine shop,Broken Tap – Metal Disintegration & Thread Repair Services,,,,,,,33.7415771,-117.8549805,,,,
"Johnson Precision Products, Inc.",1308 E Wakeham Ave,Santa Ana,CA,92705,United States,(714) 824-6971,https://johnsonprecisionmachining.com/,,,Machine shop,"Johnson Precision Products, Inc. is an Orange County machine shop located in Santa Ana, CA. We provide quality machining for industries such as aerospace, medical, automotive and mor",15,,,,,,33.7369461,-117.8511353,,,,
Jose's Precision Honing,1514 E Edinger Ave,Santa Ana,CA,92705,United States,(714) 667-8212,,,,Machine shop,,,,,,,,33.7256889,-117.8495636,,,,
Jvc Precision Inc.,515 S Santa Fe St,Santa Ana,CA,92705,United States,(714) 245-0775,https://www.jvcnc.com/,info@jvcnc.com,Valid,Machine shop,"JVC Precision Inc. is a CNC machine shop located in Orange County that specializes in the engineering, designing, and prototyping of cost-effective components. They offer a range of machining services, including CNC vertical and horizontal milling, CNC turning with live tooling, and additional services such as deburring, anodizing, and powder coating.",2,https://www.linkedin.com/company/jvc-precision-machines,,,,,33.7409897,-117.8536377,Juan,Victorio,Cnc Precision Machine Shop - Manufacturing,juan@jvcnc.com
Keithco Manufacturing Inc,15031 Parkway Loop,Tustin,CA,92780,United States,(714) 258-8933,https://keithco-mfg.com/,,,Machine shop,Keithco Manufacturing Inc is an aviation & aerospace company based out of United States.,<25,https://www.linkedin.com/company/keithco-manufacturing-inc,,,,,33.7200546,-117.8270416,,,,
L & R White Co,1421 E Saint Andrew Pl,Santa Ana,CA,92705,United States,(714) 546-2347,,,,Machine shop,,,,,,,,33.7232513,-117.8517838,,,,
L T Machine Inc,519 S Santa Fe St,Santa Ana,CA,92705,United States,(714) 836-6670,,,,Machine shop,,,,,,,,33.7408066,-117.8534012,,,,
Linn's Turret Products,1279 S Wright St,Santa Ana,CA,92705,United States,(714) 836-0532,,,,Machine shop,,,,,,,,33.7321091,-117.8464355,,,,
Marine Crankshaft,2155 S Grand Ave,Santa Ana,CA,92705,United States,(714) 549-2388,https://www.marinecrankshaftinc.com/,cacranks@yahoo.com,Catch-all,Machine shop,"We fix crankshafts, and we fix them right! Everything from outboard marine and motorcycle to top fuel dragsters.",<25,,,,,,33.7183571,-117.849144,,,,
Mechanics Bank Auto Finance,430 Exchange,Irvine,CA,92602,United States,(855) 272-2886,https://www.mechanicsbank.com/,customerservice@mechanicsbank.com,Catch-all,,"Scott Valley Bank has now joined Mechanics Bank.
Please find our latest news at https://www.linkedin.com/company/mechanics-bank/",43,https://www.linkedin.com/company/mechanics-bank,https://www.facebook.com/MechanicsBank1905,https://x.com/mechanicsbank,https://www.instagram.com/mechanics_bank,https://www.youtube.com/channel/UCQePM4_mhaTGYkmtuQ4h3_Q,33.7133331,-117.7839813,Alex,Reich,"Director, Software Development & Vice President, Amp",areich@mechanicsbank.com
Metal Works,1353 E Borchard Ave,Santa Ana,CA,92705,United States,(714) 547-4429,http://metalworksca.com/,sales@metalworksca.com,Valid,Machine shop,"Metal Works specializes in various machining services including CNC milling, CNC lathe, manual machining, and waterjet cutting. They offer additional services such as laser etching, part marking, and custom etching for part numbers and logos. The company is ISO 9001:2008 compliant and provides in-house CMM and First Article Reports.",103,https://www.linkedin.com/company/metal-works-supply,https://www.facebook.com/metal.works.kt,https://www.x.com/bkmetalworks,,,33.7281761,-117.8522415,,,,
Norotos Inc,201 E Alton Ave,Santa Ana,CA,92707,United States,(714) 662-3113,https://www.norotos.com/,info@norotos.com,Catch-all,Machine shop,"Norotos, Inc. is a small business specializing in the design and manufacture of precision machined night vision products including helmet mounts for commercial and military requirements. 

Having extensive experience with a wide variety of materials (metals, plastics and composites), Norotos has the technical expertise to accomplish the most challenging design and manufacturing requirements as evidenced by Norotos™ status as a leading provider of the most advanced night vision goggle mounting systems in the world.",30,https://www.linkedin.com/company/norotos-inc-,https://www.facebook.com/norotos1,https://www.x.com/norotosinc,,,33.7054024,-117.8659744,Linda,Soto,"Manager, Operation",soto@norotos.com
Picks Machine,424 E Alton Ave,Santa Ana,CA,92707,United States,(714) 662-5797,,,,Machine shop,,,,,,,,33.7048111,-117.8628616,,,,
Playa Tool & Marine Inc,1746 E Borchard Ave,Santa Ana,CA,92705,United States,(714) 972-2722,,,,Machine shop,,,,,,,,33.7289467,-117.8434753,,,,
Precision Honing Specialists,1241 E Chestnut Ave,Santa Ana,CA,92701,United States,(714) 543-5962,,,,Machine shop,,,,,,,,33.7431526,-117.8521271,,,,
Pro-mac,502 Goetz Ave,Santa Ana,CA,92707,United States,(714) 540-6321,,,,Machine shop,,,,,,,,33.7111626,-117.8621063,,,,
Redman Industries Inc,3803 S Main St,Santa Ana,CA,92707,United States,(714) 957-1171,,,,Machine shop,,,,,,,,33.696373,-117.8678436,,,,
Ricaurte Precision Inc.,1550 E Mcfadden Ave,Santa Ana,CA,92705,United States,(714) 667-0632,https://ricaurteprecision.com/,emily@ricaurteprecision.com,Valid,Machine shop,"Ricaurte Precision is a turnkey precision machine shop located in Orange County, California, specializing in high-quality CNC machining services for complex parts made from premium metals and plastics. With over 30 years of experience, the company provides advanced machining solutions including 5-axis, multi-axis lathes, Swiss screw machining, and wire EDM, employing a technology-first approach fo",21,https://www.linkedin.com/company/ricaurte-precision-inc.,https://facebook.com/ricaurteprecision,,https://www.instagram.com/ricaurteprecision,http://www.youtube.com/@RicaurtePrecisionInc.-RPI,33.7333641,-117.8475266,Katherine,Pham,Business Analyst,katherine.pham@ricaurteprecision.com
Ronco Products Inc,605 E Alton Ave,Santa Ana,CA,92705,United States,(714) 437-1365,,,,Machine shop,,,,,,,,33.7052345,-117.8606491,,,,
Rsr Tooling & Manufacturing,1409 E Saint Gertrude Pl,Santa Ana,CA,92705,United States,(714) 546-1684,,,,Machine shop,,,,,,,,33.7198677,-117.85186,,,,
Salas Machine Shop,2033 S Lyon St,Santa Ana,CA,92705,United States,(714) 785-5454,,,,Machine shop,,,,,,,,33.7199478,-117.8455048,,,,
Scm Industry Grinding,1534 E Chestnut Ave,Santa Ana,CA,92701,United States,(714) 835-7466,,,,Machine shop,,,,,,,,33.7423058,-117.8466644,,,,
Senga Engineering,1525 E Warner Ave,Santa Ana,CA,92705,United States,(714) 549-8011,https://www.senga-eng.com/,hr@senga-eng.com,Catch-all,Machine shop,"Senga Engineering is a leading CNC machining manufacturer located in Orange County, specializing in precision CNC machining and manufacturing solutions for various industries across the nation. The company offers advanced capabilities including CNC milling, turning, automation, and 3D printing, alongside dedicated quality assurance practices to ensure high-quality complex parts.",57,https://www.linkedin.com/company/senga-engineering,https://www.facebook.com/sengaofficial,https://www.x.com/jm_senga,,,33.716507,-117.8473511,Mike,Irion,Business Development Manager at Senga,irion@senga-eng.com
Spencer George Co Inc,2211 S Grand Ave,Santa Ana,CA,92705,United States,(714) 557-3674,,,,Machine shop,,,,,,,,33.7175827,-117.8492432,,,,
Sumax Industries,1304 E Saint Gertrude Pl,Santa Ana,CA,92705,United States,(714) 979-3223,https://www.sumaxindustries.com/,robs@sumaxindustries.com,Valid,Machine shop,,,,,,,,33.7193832,-117.8541183,,,,
"Summit West Manufacturing, Inc",2001 S Eastwood St,Santa Ana,CA,92705,United States,(714) 429-0395,https://summitwestmfg.com/,,,Machine shop,"Summit West Manufacturing Inc is an aviation & aerospace company based out of 2001 S Eastwood Ave Ste F, Santa Ana, California, United States.",2,https://www.linkedin.com/company/summit-west-manufacturing-inc,,https://x.com,,,33.7205315,-117.8513107,,,,
Sun Machining Tech,1538 E Chestnut Ave,Santa Ana,CA,92701,United States,(714) 558-7117,,,,Machine shop,,,,,,,,33.7423897,-117.8466721,,,,
Tiburon Engineering Inc,2666 S Grand Ave,Santa Ana,CA,92705,United States,(714) 546-7553,https://tiburonfishingreels.com/,,,Machine shop,Tiburon Fishing Reels,<25,,,,,,33.7114143,-117.8516388,,,,
Tomi Engineering Inc,414 E Alton Ave,Santa Ana,CA,92707,United States,(714) 556-1474,https://tomiengineering.com/,info@tomiengineering.com,Valid,Machine shop,"TOMI Engineering is a specialized CNC machine shop located in Santa Ana, California, with a focus on precision machining and assembly for the aerospace, defense, and space industries since 1977. The company is AS9100 and ITAR-certified, offering advanced capabilities in machining various materials, including aluminum and titanium, using state-of-the-art 3, 4, and 5-axis CNC machines.",42,https://www.linkedin.com/company/tomi-engineering,https://www.facebook.com/tomi-engineering-inc-161539043875796,,,,33.7046127,-117.8634796,Bob,Schoenbaum,,bschoenbaum@tomiengineering.com
Tool & Die Manufacturing,1351 E Pomona St,Santa Ana,CA,92705,United States,(714) 547-4021,,,,Machine shop,,,,,,,,33.7251663,-117.8522491,,,,
True Position Machining Inc,415 S Santa Fe St,Santa Ana,CA,92705,United States,(714) 547-7676,,,,Machine shop,,,,,,,,33.7417755,-117.8538055,,,,
"W.y. Manufacturing, Inc.",1037 Fuller St,Santa Ana,CA,92701,United States,(714) 835-3898,https://www.wymfginc.com/,wymfginc@aol.com,Catch-all,Machine shop,"We manufacture precision parts from basic materials such as aluminum, alloy steel, copper, stainless steel, and plastics.  We use state of art Cad/Cam systems to develop CNC programs that we then run on our CNC machines.",,,,,,,33.7550125,-117.8550339,Walt,Yaeger,,yaeger@wymfginc.com
Wire Works Edm,2247 S Grand Ave,Santa Ana,CA,92705,United States,(714) 483-1300,https://wireworksedm.com/,,,Machine shop,"Wire Works EDM specializes in a wide range of machining services including 5 axis milling, turning, wire EDM, and sinker EDM. They cater to diverse needs with capabilities for production runs, R&D, and engineered prototyping. Their focus on quality and security is evident as they support US Government and defense applications, ensuring compliance with CMMC 2.",6,,,,,,33.7172127,-117.848938,,,,